<?xml version="1.0" encoding="UTF-8" ?>
<!DOCTYPE mapper PUBLIC "-//mybatis.org//DTD Mapper 3.0//EN" 
	"http://mybatis.org/dtd/mybatis-3-mapper.dtd">

<mapper namespace="com.ssafy.ws.board.model.mapper.BoardMapper">

	<resultMap type="boardDto" id="article">
		<result column="article_no" property="articleNo"/>
		<result column="user_id" property="userId"/>
		<result column="name" property="userName"/>
		<result column="subject" property="subject"/>
		<result column="content" property="content"/>
		<result column="hit" property="hit"/>
		<result column="register_time" property="registerTime"/>
	</resultMap>
	
	<resultMap type="boardDto" id="viewArticle" extends="article">
	</resultMap>
	


	<insert id="writeArticle" parameterType="boardDto">
		insert into board (user_id, subject, content, hit, register_time)
		values (#{userId}, #{subject}, #{content}, 0, now())
		<selectKey resultType="int" keyProperty="articleNo" order="AFTER">
			select last_insert_id()
		</selectKey>
	</insert>


	<sql id="search">
		<if test="word != null and word != ''">
			<if test="key == 'subject'">
				and subject like concat('%', #{word}, '%')
			</if>
			<if test="key != 'subject'">
				and ${key} = #{word}
			</if>
		</if>
	</sql>

	<select id="listArticle" parameterType="map" resultMap="article">
		select b.article_no, b.user_id, b.subject, b.content, b.hit, b.register_time, m.name
		from board b,  member m 
		where b.user_id = m.user_id
		<include refid="search"></include>
		order by b.article_no desc
		limit #{start}, #{listsize}
	</select>
	
	<select id="getTotalArticleCount" parameterType="map" resultType="int">
		select count(article_no)
		from board
		<where>
			<include refid="search"></include>
		</where>
	</select>
	
	<select id="getArticle" parameterType="int" resultMap="article">
		select b.article_no, b.user_id, b.subject, b.content, b.hit, b.register_time, m.name 
		from board b, member m
		where b.user_id = m.user_id
		and b.article_no = #{articleNo}
	</select>
	

	
	<update id="updateHit" parameterType="int">
		update board
		set hit = hit + 1
		where article_no = #{articleNo}
	</update>
	
	<update id="modifyArticle" parameterType="boardDto">
		update board
		set subject = #{subject}, content = #{content}
		where article_no = #{articleNo}
	</update>
	

	<delete id="deleteArticle" parameterType="int">
		delete from board
		where article_no = #{articleNo}
	</delete>

</mapper>