<?xml version="1.0" encoding="UTF-8"?>
<!DOCTYPE mapper PUBLIC "-//mybatis.org//DTD Mapper 3.0//EN" 
"http://mybatis.org/dtd/mybatis-3-mapper.dtd">

<mapper namespace="com.ssafy.ws.member.model.mapper.MemberMapper">

	<resultMap type="MemberDto" id="login">
		<result column="user_id" property="userId" />
		<result column="name" property="name" />
	</resultMap>

	<select id="idCheck" parameterType="String" resultType="int">
		select
		count(user_id)
		from member
		where user_id = #{userId}
	</select>

	<insert id="joinMember" parameterType="MemberDto">
		insert into member
		(user_id, password, name, register_date)
		values (#{userId},
		#{password}, #{name}, now())
	</insert>

	<select id="loginMember" parameterType="map" resultMap="login">
		select
		user_id, name
		from member
		where user_id = #{userId} and
		password = #{password}
	</select>

	<update id="updateMember" parameterType="MemberDto">
		update member
		<trim prefix="set" suffixOverrides=",">
			<if test="password != null">password=#{password},</if>
			<if test="name != null">name=#{name},</if>
		</trim>
		where user_id=#{userId}
	</update>

	<delete id="deleteMember" parameterType="String">
		delete from member
		where user_id = #{userId}
	</delete>
		
	<!-- ADMIN -->

</mapper>

	